category,count,value
Expired,87,9295494.429999996
Within 30 days,24,2968928.1099999994
After 30 days,0,0.0
No expiry date,15,0.0
