category,count,average
Inspection,135,70.4074074074074
Fault Fix,93,68.66666666666667
Installation,52,87.48076923076923
