category,count,quote_ex_vat,meters
Inspection,135,12554537.350000001,2878.0
Fault Fix,93,479635.78,266.0
Installation,52,1187935.3499999994,513.0
Blank,1,0.0,0.0
