category,count,total_excl,meters
Installation,498,24966303.779999983,6417.0
Stock Sale,136,14512795.139999997,3562.0
